content,style,alpha,content_loss,ssim,edge_similarity,lpips,style_loss,gram_style_loss,inference_ms
bird.jpg,picasso.jpg,0.0,0.42093053460121155,0.8068748116493225,0.7986568212509155,0.10916776210069656,4.745961010456085,0.0008161404759903235,117.73169998195954
bird.jpg,picasso.jpg,0.1,0.4076414406299591,0.8031021952629089,0.7957198023796082,0.12608429789543152,4.021746337413788,0.0005873104532838624,29.250499996123835
bird.jpg,picasso.jpg,0.2,0.42614054679870605,0.7931141257286072,0.7897607088088989,0.1760021597146988,3.1742639541625977,0.0003914537815035146,29.386399983195588
bird.jpg,picasso.jpg,0.3,0.47901296615600586,0.7767141461372375,0.7804828882217407,0.2574049234390259,2.386896640062332,0.0002544802564443671,29.283599986229092
bird.jpg,picasso.jpg,0.4,0.5635971426963806,0.7565634846687317,0.7690021991729736,0.3458310067653656,1.7566906213760376,0.00016805984887469094,29.31769998394884
bird.jpg,picasso.jpg,0.5,0.6789616942405701,0.7330500483512878,0.756150484085083,0.43185049295425415,1.2630265653133392,0.00011358725657828472,29.846400022506714
bird.jpg,picasso.jpg,0.6,0.8138970136642456,0.7062890529632568,0.7405016422271729,0.5124401450157166,0.8705587387084961,7.712440367413365e-05,29.2055000027176
bird.jpg,picasso.jpg,0.7,0.9640042781829834,0.6762805581092834,0.7212533950805664,0.5869081020355225,0.5564542412757874,5.183511837003607e-05,28.951599990250543
bird.jpg,picasso.jpg,0.8,1.1246777772903442,0.644456148147583,0.699368417263031,0.6523278951644897,0.3283347189426422,3.470184270781829e-05,28.690300008747727
bird.jpg,picasso.jpg,0.9,1.2885892391204834,0.6116896271705627,0.6753086447715759,0.71131831407547,0.18401138111948967,2.3455977469666323e-05,28.977899986784905
bird.jpg,picasso.jpg,1.0,1.4475241899490356,0.5782715082168579,0.6499261856079102,0.7656630873680115,0.11267945729196072,1.628967775957335e-05,29.56700001959689
bird.jpg,second.jpg,0.0,0.42093053460121155,0.8068748116493225,0.7986568212509155,0.10916776210069656,13.081456661224365,0.004747221319121309,84.58589998190291
bird.jpg,second.jpg,0.1,0.47316092252731323,0.7844856381416321,0.7771010994911194,0.16684046387672424,11.48917293548584,0.004480687170143938,29.18189999763854
bird.jpg,second.jpg,0.2,0.6278002262115479,0.7333720922470093,0.7449497580528259,0.314416766166687,9.66903281211853,0.0041545919339114334,29.307899996638298
bird.jpg,second.jpg,0.3,0.8647741079330444,0.6685688495635986,0.7110954523086548,0.4236029386520386,7.948012411594391,0.0038210307975532487,30.016499978955835
bird.jpg,second.jpg,0.4,1.1614843606948853,0.6000719666481018,0.6794224381446838,0.506091833114624,6.398129403591156,0.003468817754765041,29.37289999681525
bird.jpg,second.jpg,0.5,1.493373155593872,0.5316526293754578,0.6518800854682922,0.5700175762176514,5.021286845207214,0.0030951651115174172,29.191299981903285
bird.jpg,second.jpg,0.6,1.838809847831726,0.46994438767433167,0.6256153583526611,0.621826708316803,3.8606244921684265,0.0027190678824808856,29.967599984956905
bird.jpg,second.jpg,0.7,2.1782307624816895,0.41991180181503296,0.6006622314453125,0.6654607653617859,2.957788497209549,0.002361207343710703,28.857800003606826
bird.jpg,second.jpg,0.8,2.4979424476623535,0.3790138065814972,0.5779333710670471,0.6998999118804932,2.2901335060596466,0.0020313398176767805,29.65109999058768
bird.jpg,second.jpg,0.9,2.7937309741973877,0.34502097964286804,0.5552384257316589,0.7256876230239868,1.8222627937793732,0.0017363471404223674,29.519999981857836
bird.jpg,second.jpg,1.0,3.076411247253418,0.3161400854587555,0.532494306564331,0.7470947504043579,1.5066222548484802,0.0014722937157785054,29.247700003907084
bird.jpg,third.webp,0.0,0.42093053460121155,0.8068748116493225,0.7986568212509155,0.10916776210069656,39.0368332862854,0.020526550921204034,118.13200000324287
bird.jpg,third.webp,0.1,0.5404553413391113,0.7788703441619873,0.7645584940910339,0.1773599088191986,33.694645404815674,0.01909389738284517,29.828800004906952
bird.jpg,third.webp,0.2,0.7992767095565796,0.7191614508628845,0.7218782305717468,0.3163926601409912,28.693988800048828,0.017684809739876073,29.894599982071668
bird.jpg,third.webp,0.3,1.1519787311553955,0.6508061289787292,0.6799120306968689,0.4307004511356354,24.2616548538208,0.016296862704621162,28.942199976881966
bird.jpg,third.webp,0.4,1.5767003297805786,0.5817462205886841,0.6436467170715332,0.5070641040802002,20.39486026763916,0.014899596615578048,29.61600001435727
bird.jpg,third.webp,0.5,2.0309946537017822,0.5197144746780396,0.6162087321281433,0.5593159198760986,17.141069173812866,0.013516490056645125,29.31209999951534
bird.jpg,third.webp,0.6,2.4876303672790527,0.46740323305130005,0.5943872332572937,0.592358410358429,14.493094205856323,0.01224507514416473,29.26179999485612
bird.jpg,third.webp,0.7,2.9442131519317627,0.42430368065834045,0.576045036315918,0.6166993379592896,12.297606706619263,0.01108551263314439,29.268600017530844
bird.jpg,third.webp,0.8,3.395226001739502,0.388979434967041,0.5608392357826233,0.6391634941101074,10.46644902229309,0.010028239965322427,29.259300004923716
bird.jpg,third.webp,0.9,3.843825578689575,0.35978221893310547,0.547392725944519,0.6603270769119263,8.93332827091217,0.009052980727574322,29.22440000111237
bird.jpg,third.webp,1.0,4.291383266448975,0.3352173864841461,0.5357961654663086,0.6801869869232178,7.676662445068359,0.00815355922532035,29.96250000433065
dancing.jpg,picasso.jpg,0.0,0.2781873941421509,0.7198038101196289,0.7453442811965942,0.16829290986061096,1.667862981557846,0.00023826352082778612,132.49960000393912
dancing.jpg,picasso.jpg,0.1,0.2837085723876953,0.7206140756607056,0.7387442588806152,0.18240615725517273,1.4325281381607056,0.00021401449612312717,35.136999998940155
dancing.jpg,picasso.jpg,0.2,0.3046083152294159,0.7174438238143921,0.7283781170845032,0.21473774313926697,1.1901819109916687,0.0001872591815299529,35.129600000800565
dancing.jpg,picasso.jpg,0.3,0.34346920251846313,0.7098543643951416,0.7139778733253479,0.2607390582561493,0.9486104846000671,0.0001589377918662649,35.031800012802705
dancing.jpg,picasso.jpg,0.4,0.4007638692855835,0.6981701850891113,0.6956798434257507,0.3158920705318451,0.7232115715742111,0.00013027569110590775,35.10340000502765
dancing.jpg,picasso.jpg,0.5,0.47185173630714417,0.6833939552307129,0.6743620038032532,0.3706735372543335,0.5246530026197433,0.00010214326954383068,35.096799983875826
dancing.jpg,picasso.jpg,0.6,0.5541917681694031,0.6660707592964172,0.6522217392921448,0.423980176448822,0.361043743789196,7.564721363451099e-05,35.0785999908112
dancing.jpg,picasso.jpg,0.7,0.6424746513366699,0.6464645862579346,0.6286567449569702,0.4744749367237091,0.2367083691060543,5.244819577399085e-05,35.03539998200722
dancing.jpg,picasso.jpg,0.8,0.7373040318489075,0.6249415278434753,0.604282796382904,0.522531270980835,0.149570656940341,3.376440641034151e-05,35.288300015963614
dancing.jpg,picasso.jpg,0.9,0.8362438678741455,0.6022641062736511,0.5797789692878723,0.5657423138618469,0.09549229219555855,2.0110913254711704e-05,35.13640002347529
dancing.jpg,picasso.jpg,1.0,0.9368382692337036,0.5787866115570068,0.5570703148841858,0.6034769415855408,0.07084724958986044,1.1430247710109143e-05,35.01610000967048
dancing.jpg,second.jpg,0.0,0.2781873941421509,0.7198038101196289,0.7453442811965942,0.16829290986061096,19.61798071861267,0.005287879448587773,105.0925999879837
dancing.jpg,second.jpg,0.1,0.34630751609802246,0.718961238861084,0.7261003851890564,0.2141025960445404,18.07403254508972,0.005182443574085482,34.999299998162314
dancing.jpg,second.jpg,0.2,0.5729033350944519,0.6896702647209167,0.6815603375434875,0.33258894085884094,15.995282173156738,0.00500188394835277,35.070200014160946
dancing.jpg,second.jpg,0.3,0.9575357437133789,0.634912371635437,0.6215494275093079,0.46617984771728516,13.312865614891052,0.004727784669739776,35.0015000149142
dancing.jpg,second.jpg,0.4,1.4156125783920288,0.5655822157859802,0.5643291473388672,0.5538418292999268,10.277966976165771,0.004316428156926122,35.07690000697039
dancing.jpg,second.jpg,0.5,1.904842734336853,0.4961758852005005,0.5161095261573792,0.6102150082588196,7.379201292991638,0.0037703582383983303,35.375700012082234
dancing.jpg,second.jpg,0.6,2.398592472076416,0.43237632513046265,0.4788254499435425,0.6475419998168945,4.9835666716098785,0.003148244775729836,34.99370001372881
dancing.jpg,second.jpg,0.7,2.884429454803467,0.3763706684112549,0.45054662227630615,0.6774150133132935,3.22418013215065,0.0025190622577611066,35.05289999884553
dancing.jpg,second.jpg,0.8,3.3560547828674316,0.3287503123283386,0.42882293462753296,0.7018272876739502,2.060586005449295,0.00194470471888053,35.030200000619516
dancing.jpg,second.jpg,0.9,3.8219428062438965,0.2896201014518738,0.41138145327568054,0.7197344303131104,1.3843897208571434,0.0014637506674262113,35.02180002396926
dancing.jpg,second.jpg,1.0,4.273693084716797,0.25796937942504883,0.39721813797950745,0.7343796491622925,1.0881472453474998,0.0010988613130393787,35.04589997464791
dancing.jpg,third.webp,0.0,0.2781873941421509,0.7198038101196289,0.7453442811965942,0.16829290986061096,57.653032302856445,0.024080421339021996,128.64169999375008
dancing.jpg,third.webp,0.1,0.4421684741973877,0.7203859090805054,0.7075817584991455,0.2560143768787384,52.674835205078125,0.023728011758066714,35.19090000190772
dancing.jpg,third.webp,0.2,0.948947012424469,0.6598708033561707,0.6101556420326233,0.43186408281326294,45.87013530731201,0.02302833675639704,34.9982000188902
dancing.jpg,third.webp,0.3,1.6901891231536865,0.5661653280258179,0.5172919631004333,0.5550045967102051,37.47784614562988,0.021748283164924942,35.07360001094639
dancing.jpg,third.webp,0.4,2.5172767639160156,0.4718220829963684,0.4495984613895416,0.6318208575248718,28.98997211456299,0.019714616209967062,35.090999997919425
dancing.jpg,third.webp,0.5,3.3870484828948975,0.38740095496177673,0.4033416211605072,0.6828142404556274,21.518298625946045,0.01705993195355404,35.18410000833683
dancing.jpg,third.webp,0.6,4.277260780334473,0.3177099823951721,0.3722819685935974,0.719897449016571,15.598576307296753,0.014200838035321794,35.074899991741404
dancing.jpg,third.webp,0.7,5.167777061462402,0.2653828263282776,0.3511416018009186,0.7471126914024353,11.27882969379425,0.011542353891854873,35.12459999183193
dancing.jpg,third.webp,0.8,6.016232490539551,0.22753936052322388,0.3375624716281891,0.7663827538490295,8.382723093032837,0.00937554531992646,35.467200010316446
dancing.jpg,third.webp,0.9,6.850101947784424,0.19983792304992676,0.32805442810058594,0.7801357507705688,6.536225080490112,0.007741446501313476,35.133900004439056
dancing.jpg,third.webp,1.0,7.654545307159424,0.18015241622924805,0.32060524821281433,0.7910923361778259,5.427808046340942,0.006547203473019181,35.1035000057891
amazon.jpg,picasso.jpg,0.0,0.09990061074495316,0.9612676501274109,0.9331866502761841,0.024078140035271645,7.368435740470886,0.0013021967688473524,128.99739999556914
amazon.jpg,picasso.jpg,0.1,0.1054258644580841,0.9560273885726929,0.9387388229370117,0.027469854801893234,6.780168652534485,0.0011239571786063607,35.07090001949109
amazon.jpg,picasso.jpg,0.2,0.12974132597446442,0.9494462013244629,0.9367934465408325,0.03340757638216019,6.1201090812683105,0.0009344842105747375,35.08879998116754
amazon.jpg,picasso.jpg,0.3,0.18019166588783264,0.940285861492157,0.9210251569747925,0.05133121833205223,5.433769226074219,0.0007701356316829333,35.095700004603714
amazon.jpg,picasso.jpg,0.4,0.2715839147567749,0.9263800382614136,0.8923797011375427,0.07525712996721268,4.692860722541809,0.0006270292130921007,35.077600012300536
amazon.jpg,picasso.jpg,0.5,0.44475775957107544,0.9021865725517273,0.8523794412612915,0.11761157959699631,3.8139853477478027,0.00048553097167314263,35.14809999614954
amazon.jpg,picasso.jpg,0.6,0.8926903009414673,0.8220864534378052,0.7845491766929626,0.29021960496902466,2.2017677426338196,0.00028828040967709967,35.31370000564493
amazon.jpg,picasso.jpg,0.7,1.284857988357544,0.5078200101852417,0.5374882817268372,0.5651301145553589,0.8557636439800262,8.436635448560992e-05,35.079199995379895
amazon.jpg,picasso.jpg,0.8,1.4807977676391602,0.4540867209434509,0.5135172605514526,0.6130228042602539,0.5571599155664444,5.039196560119308e-05,35.0722000002861
amazon.jpg,picasso.jpg,0.9,1.6221433877944946,0.42529863119125366,0.5058821439743042,0.64923495054245,0.42600035667419434,3.283571027168364e-05,35.08440000587143
amazon.jpg,picasso.jpg,1.0,1.7521357536315918,0.4017467200756073,0.49709466099739075,0.6819186210632324,0.37477434799075127,2.1007729714028756e-05,35.12309998041019
amazon.jpg,second.jpg,0.0,0.09990061074495316,0.9612676501274109,0.9331866502761841,0.024078140035271645,18.044999599456787,0.005540870803088183,105.02630000701174
amazon.jpg,second.jpg,0.1,0.12138409167528152,0.9484869241714478,0.9372876286506653,0.027656538411974907,17.115678787231445,0.0052933798178855795,34.98029999900609
amazon.jpg,second.jpg,0.2,0.23720194399356842,0.9192134737968445,0.8982638716697693,0.06055188179016113,15.789502620697021,0.004987852618796751,34.993300010683015
amazon.jpg,second.jpg,0.3,0.4900227189064026,0.8749895095825195,0.8322811126708984,0.11721858382225037,14.121845006942749,0.004678889457863988,35.0414999993518
amazon.jpg,second.jpg,0.4,0.958690881729126,0.808655858039856,0.766900360584259,0.2511294186115265,11.856563091278076,0.004307723271267605,34.947500011185184
amazon.jpg,second.jpg,0.5,1.5682315826416016,0.690218448638916,0.6819674968719482,0.4669657349586487,9.50424325466156,0.003829158562439261,35.03729999647476
amazon.jpg,second.jpg,0.6,2.0659704208374023,0.47647756338119507,0.5149018168449402,0.687336266040802,7.391966819763184,0.0034010034996754257,34.993100009160116
amazon.jpg,second.jpg,0.7,2.2911927700042725,0.4019870162010193,0.44469213485717773,0.6910335421562195,6.2123910784721375,0.0031254601817636285,34.97360000619665
amazon.jpg,second.jpg,0.8,2.477015733718872,0.37470537424087524,0.4140641987323761,0.6909437775611877,5.350232005119324,0.0028146474414825207,34.9792999913916
amazon.jpg,second.jpg,0.9,2.636821746826172,0.36029958724975586,0.39364710450172424,0.692204475402832,4.812645196914673,0.002539251196594705,34.97780000907369
amazon.jpg,second.jpg,1.0,2.767317295074463,0.3456559181213379,0.37648671865463257,0.6865398287773132,4.523795127868652,0.0023737368692309246,34.99529999680817
amazon.jpg,third.webp,0.0,0.09990061074495316,0.9612676501274109,0.9331866502761841,0.024078140035271645,46.10050868988037,0.022964306626818143,128.6619000020437
amazon.jpg,third.webp,0.1,0.14504876732826233,0.9466198682785034,0.9340651035308838,0.027592048048973083,43.737579345703125,0.022511690942337736,35.039400012465194
amazon.jpg,third.webp,0.2,0.3205428123474121,0.9137586355209351,0.881164014339447,0.058787330985069275,40.89688205718994,0.021805523734656163,34.999399998923764
amazon.jpg,third.webp,0.3,0.5614016056060791,0.8763680458068848,0.8126630187034607,0.0919320359826088,38.26384878158569,0.02113248989189742,35.122100001899526
amazon.jpg,third.webp,0.4,0.9208766222000122,0.8356704711914062,0.7592602372169495,0.15999658405780792,34.97343730926514,0.020076535671250895,35.02470001694746
amazon.jpg,third.webp,0.5,1.407382845878601,0.7834281325340271,0.7000952959060669,0.28070083260536194,31.094568729400635,0.019087977256276645,35.1776999887079
amazon.jpg,third.webp,0.6,2.002425193786621,0.6835155487060547,0.6142163872718811,0.4481818974018097,27.230802297592163,0.018099830085702706,35.088099975837395
amazon.jpg,third.webp,0.7,2.5607056617736816,0.5337561368942261,0.4928925931453705,0.6534513235092163,19.22481632232666,0.013559129532950465,35.06190000916831
amazon.jpg,third.webp,0.8,2.883657932281494,0.4415765404701233,0.4238850176334381,0.6894639134407043,17.52688980102539,0.013124925302690826,35.10189999360591
amazon.jpg,third.webp,0.9,3.216886520385742,0.40441352128982544,0.3927764594554901,0.7038329839706421,16.331758499145508,0.012763390317559242,35.04330001305789
amazon.jpg,third.webp,1.0,3.5062355995178223,0.38243791460990906,0.3722050189971924,0.7121413350105286,14.490505456924438,0.011486954972497188,35.73380000307225
