content,style,alpha_star,S_content,S_style,balance,ssim
amazon.jpg,picasso.jpg,0.5,0.791278408336226,0.5082388456131106,0.6189351062309978,0.9021865725517273
amazon.jpg,second.jpg,0.4,0.6780442005820171,0.4576838196021932,0.546486225691404,0.808655858039856
amazon.jpg,third.webp,0.5,0.6161615814524842,0.47472124092777235,0.5362720625128945,0.7834281325340271
bird.jpg,picasso.jpg,0.5,0.7390857250124847,0.7517208710884853,0.7453497542446451,0.7330500483512878
bird.jpg,second.jpg,0.5,0.5961399320722084,0.696352926792394,0.6423614391814093,0.5316526293754578
bird.jpg,third.webp,0.4,0.7013864074170982,0.5944474318406734,0.6435043382653783,0.5817462205886841
dancing.jpg,picasso.jpg,0.5,0.7059681395882548,0.7158414009668753,0.7108704895638366,0.6833939552307129
dancing.jpg,second.jpg,0.5,0.5928787327141183,0.660490524282322,0.6248610021667164,0.4961758852005005
dancing.jpg,third.webp,0.5,0.5785371147370101,0.691901934196143,0.6301615949645456,0.38740095496177673
